<?xml version="1.0" encoding="utf-8"?>
<!--
- phpMyAdmin XML Dump
- version 4.8.0.1
- https://www.phpmyadmin.net
-
- Servidor: 127.0.0.1
- Tiempo de generación: 04-07-2018 a las 07:03:12
- Versión del servidor: 10.1.32-MariaDB
- Versión de PHP: 5.6.36
-->

<pma_xml_export version="1.0" xmlns:pma="https://www.phpmyadmin.net/some_doc_url/">
    <!--
    - Structure schemas
    -->
    <pma:structure_schemas>
        <pma:database name="universidades" collation="latin1_swedish_ci" charset="latin1">
            <pma:table name="administrador">
                CREATE TABLE `administrador` (
                  `admi_idxx` int(11) NOT NULL AUTO_INCREMENT,
                  `admi_nomb` varchar(20) NOT NULL,
                  `admi_apel` varchar(20) NOT NULL,
                  `admi_celu` int(11) NOT NULL,
                  `admi_cedu` int(11) NOT NULL,
                  `admi_corr` varchar(30) NOT NULL,
                  `admi_cont` varchar(30) NOT NULL,
                  `admi_fech` datetime NOT NULL,
                  `admi_esta` varchar(3) NOT NULL DEFAULT 'ACT',
                  `admi_nuin` int(11) NOT NULL DEFAULT '0',
                  PRIMARY KEY (`admi_idxx`)
                ) ENGINE=InnoDB AUTO_INCREMENT=2 DEFAULT CHARSET=latin1;
            </pma:table>
            <pma:table name="candidato">
                CREATE TABLE `candidato` (
                  `cand_idxx` int(11) NOT NULL AUTO_INCREMENT,
                  `cand_nomb` varchar(50) NOT NULL,
                  `cand_apel` varchar(50) NOT NULL DEFAULT '',
                  `cand_corr` varchar(50) NOT NULL,
                  `cand_celu` int(11) NOT NULL,
                  `cand_cont` varchar(50) NOT NULL,
                  `cand_cedu` int(11) NOT NULL,
                  `cand_nies` int(11) NOT NULL,
                  `cand_fech` datetime NOT NULL,
                  `cand_esta` varchar(3) NOT NULL DEFAULT 'ACT',
                  `cand_nuin` int(11) NOT NULL DEFAULT '0',
                  PRIMARY KEY (`cand_idxx`)
                ) ENGINE=InnoDB AUTO_INCREMENT=2 DEFAULT CHARSET=latin1;
            </pma:table>
            <pma:table name="detalle_publicaciones">
                CREATE TABLE `detalle_publicaciones` (
                  `depu_idxx` int(11) NOT NULL AUTO_INCREMENT,
                  `depu_idpu` int(11) NOT NULL,
                  `depu_cupo` int(11) NOT NULL,
                  `depu_reac` int(11) NOT NULL,
                  `depu_coma` int(11) NOT NULL,
                  `depu_joma` varchar(15) NOT NULL,
                  `depu_ubic` varchar(40) NOT NULL,
                  PRIMARY KEY (`depu_idxx`)
                ) ENGINE=InnoDB AUTO_INCREMENT=2 DEFAULT CHARSET=latin1;
            </pma:table>
            <pma:table name="guardados">
                CREATE TABLE `guardados` (
                  `guar_idxx` int(11) NOT NULL AUTO_INCREMENT,
                  `guar_idpu` int(11) NOT NULL,
                  `guar_idca` int(11) NOT NULL,
                  `guar_fech` datetime NOT NULL,
                  `guar_esta` varchar(3) NOT NULL DEFAULT 'ACT',
                  PRIMARY KEY (`guar_idxx`)
                ) ENGINE=InnoDB DEFAULT CHARSET=latin1;
            </pma:table>
            <pma:table name="postulaciones">
                CREATE TABLE `postulaciones` (
                  `post_idxx` int(11) NOT NULL AUTO_INCREMENT,
                  `post_idpu` int(11) NOT NULL,
                  `post_idca` int(11) NOT NULL,
                  `post_fech` datetime NOT NULL,
                  `post_esta` varchar(3) NOT NULL,
                  PRIMARY KEY (`post_idxx`)
                ) ENGINE=InnoDB DEFAULT CHARSET=latin1;
            </pma:table>
            <pma:table name="publicaciones">
                CREATE TABLE `publicaciones` (
                  `publ_idxx` int(11) NOT NULL AUTO_INCREMENT,
                  `publ_idun` int(11) NOT NULL,
                  `publ_titu` varchar(100) NOT NULL,
                  `publ_desc` varchar(500) NOT NULL,
                  `publ_fein` datetime NOT NULL,
                  `publ_fefi` datetime NOT NULL,
                  `publ_esta` varchar(3) NOT NULL DEFAULT 'ACT',
                  PRIMARY KEY (`publ_idxx`)
                ) ENGINE=InnoDB AUTO_INCREMENT=2 DEFAULT CHARSET=latin1;
            </pma:table>
            <pma:table name="universidad">
                CREATE TABLE `universidad` (
                  `univ_idxx` int(11) NOT NULL AUTO_INCREMENT,
                  `univ_nitt` int(11) NOT NULL,
                  `univ_raso` varchar(50) NOT NULL,
                  `univ_celu` int(11) NOT NULL,
                  `univ_corr` varchar(50) NOT NULL,
                  `univ_cont` varchar(50) NOT NULL,
                  `univ_fech` datetime NOT NULL,
                  `univ_desc` varchar(500) NOT NULL,
                  `univ_esta` varchar(3) NOT NULL DEFAULT 'ACT',
                  `univ_nuin` int(11) NOT NULL DEFAULT '0',
                  PRIMARY KEY (`univ_idxx`)
                ) ENGINE=InnoDB AUTO_INCREMENT=2 DEFAULT CHARSET=latin1;
            </pma:table>
        </pma:database>
    </pma:structure_schemas>

    <!--
    - Base de datos: 'universidades'
    -->
    <database name="universidades">
        <!-- Tabla administrador -->
        <table name="administrador">
            <column name="admi_idxx">1</column>
            <column name="admi_nomb">admin</column>
            <column name="admi_apel">Parra</column>
            <column name="admi_celu">319554826</column>
            <column name="admi_cedu">1015465463</column>
            <column name="admi_corr">julian.parra@misena.edu.co</column>
            <column name="admi_cont">12345</column>
            <column name="admi_fech">2018-06-25 00:00:00</column>
            <column name="admi_esta">ACT</column>
            <column name="admi_nuin">0</column>
        </table>
        <!-- Tabla candidato -->
        <table name="candidato">
            <column name="cand_idxx">1</column>
            <column name="cand_nomb">estu</column>
            <column name="cand_apel">diante</column>
            <column name="cand_corr">estu@email</column>
            <column name="cand_celu">3199595</column>
            <column name="cand_cont">12345</column>
            <column name="cand_cedu">131333313</column>
            <column name="cand_nies">0</column>
            <column name="cand_fech">2018-06-26 00:00:00</column>
            <column name="cand_esta">ACT</column>
            <column name="cand_nuin">0</column>
        </table>
        <!-- Tabla detalle_publicaciones -->
        <table name="detalle_publicaciones">
            <column name="depu_idxx">1</column>
            <column name="depu_idpu">1</column>
            <column name="depu_cupo">20</column>
            <column name="depu_reac">1</column>
            <column name="depu_coma">500000</column>
            <column name="depu_joma">nocturna</column>
            <column name="depu_ubic">chapinero</column>
        </table>
        <!-- Tabla guardados -->
        <!-- Tabla postulaciones -->
        <!-- Tabla publicaciones -->
        <table name="publicaciones">
            <column name="publ_idxx">1</column>
            <column name="publ_idun">1</column>
            <column name="publ_titu">Nuevas becas</column>
            <column name="publ_desc">La universidad nacional esta regalando becas</column>
            <column name="publ_fein">2018-07-03 00:00:00</column>
            <column name="publ_fefi">2018-07-31 00:00:00</column>
            <column name="publ_esta">ACT</column>
        </table>
        <!-- Tabla universidad -->
        <table name="universidad">
            <column name="univ_idxx">1</column>
            <column name="univ_nitt">123456789</column>
            <column name="univ_raso">Universidad Nacional</column>
            <column name="univ_celu">39959959</column>
            <column name="univ_corr">univ@email</column>
            <column name="univ_cont">12345</column>
            <column name="univ_fech">2018-06-26 00:00:00</column>
            <column name="univ_desc">desc</column>
            <column name="univ_esta">ACT</column>
            <column name="univ_nuin">0</column>
        </table>
    </database>
</pma_xml_export>